﻿{"inkVersion":20,"root":[[{"->":"start"},["done",{"#f":5,"#n":"g-0"}],null],"done",{"start":[["^A long time ago, a couple of orcs stole my candy.","\n","^It would be nice if I could get it back.","\n","^By chance, have you come across my candy?","\n","ev","str","^Yes","/str","/ev",{"*":".^.c-0","flg":20},"ev","str","^No","/str","/ev",{"*":".^.c-1","flg":20},{"c-0":["\n","ev",{"x()":"VerifyQuest"},"pop","/ev","\n","ev",{"VAR?":"questCompleted"},"/ev",[{"->":".^.b","c":true},{"b":["\n",{"->":"success"},{"->":".^.^.^.11"},null]}],[{"->":".^.b"},{"b":["\n",{"->":"failure"},{"->":".^.^.^.11"},null]}],"nop","\n",{"#f":5}],"c-1":["\n",{"->":"noCandy"},"end",{"#f":5}]}],{"#f":1}],"noCandy":["^Come back if you find my candy.","\n","end",{"#f":1}],"success":["^Thank you so much! Here's a reward.","\n","end",{"#f":1}],"failure":["^Looks like you don't have it. Come back if you find my candy.","\n","end",{"#f":1}],"postCompletion":["^Thanks for helping me earlier. Good luck with your adventures!","\n","end",{"#f":1}],"global decl":["ev",false,{"VAR=":"questCompleted"},"/ev","end",null],"#f":1}],"listDefs":{}}